Name,Time_in_class
"Addams, Walt",0 days 00:11:55.000000000
"Barber, Vanessa",0 days 00:11:31.000000000
"Bronze, Kyree",0 days 00:14:55.000000000
"Brooker, Ken",0 days 00:15:14.000000000
"Bush, Jeb",0 days 00:09:41.000000000
"Cantrell, Jerry",0 days 00:09:18.000000000
"Carmack, John",0 days 00:00:54.000000000
"Chires, Jon",0 days 00:15:44.000000000
"Collins, James",0 days 00:17:05.000000000
"Davies, Mia",0 days 00:15:18.000000000
"Davis, Muhammad",0 days 00:06:42.000000000
"Dos, Manuel",0 days 00:16:58.000000000
"Gilmore, James",0 days 00:15:19.000000000
"Howard, Song",0 days 00:04:48.000000000
"Husser, Mo",0 days 00:16:22.000000000
"Island, Shaun",0 days 00:14:55.000000000
"Jarami, Joe",0 days 00:13:15.000000000
"Joey, Don",0 days 00:16:26.000000000
"Jon, Ron",0 days 00:15:15.000000000
"Lewis, Kestings",0 days 00:05:45.000000000
"Martha, George",0 days 00:13:21.000000000
"Mavis, Alex",0 days 00:16:22.000000000
"News, Mike",0 days 00:17:05.000000000
"Newton, Isaac",0 days 00:14:34.000000000
"Ram, Carry",0 days 00:16:17.000000000
"Reagan, Ronald",0 days 00:09:10.000000000
"Rome, Candy",0 days 00:10:29.000000000
"Rome, Saran",0 days 00:16:26.000000000
"Sanwich, Ann",0 days 00:16:29.000000000
"Search, Jay",0 days 00:15:13.000000000
"Single, George",0 days 00:13:21.000000000
"Spahlinger, Gregory",0 days 00:17:05.000000000
"Stutter, Perry",0 days 00:15:25.000000000
"Tayling, Mars",0 days 00:12:01.000000000
"Terrible, Ivan",0 days 00:11:35.000000000
"Thorn, Kray",0 days 00:16:33.000000000
"Thorn, Tower",0 days 00:10:27.000000000
"Tracher, Levy",0 days 00:14:01.000000000
